guardian_id,first_name,last_name,phone,email
1,Margaret,Horn,,
2,Alexander,Horn,,
3,Courtney,Hill,,
4,Nancy,Romero,,
5,Michael,Romero,,
6,Stephanie,Sanchez,,
7,Brandon,Sanchez,,
8,Jennifer,Moon,,
9,Allen,Moon,,
10,Colleen,Moon,,
11,Jonathan,Moon,,
12,Cristian,Johnson,,
13,Marie,Wang,,
14,Joshua,Wang,,
15,Kevin,Robinson,,
16,Robert,Franklin,,
17,Abigail,Contreras,,
18,Robert,Contreras,,
19,Michael,Mcdonald,,
20,Gina,Mcdonald,,
21,Christopher,Mcdonald,,
22,Tina,Kemp,,
23,George,Kemp,,
24,Anna,Sullivan,,
25,Brent,Sullivan,,
26,Sarah,Pitts,,
27,Larry,Pitts,,
28,Renee,Murillo,,
29,Nicholas,Murillo,,
30,William,Herrera,,
31,Jamie,Benton,,
32,Juan,Benton,,
33,Sandra,Ali,,
34,Luke,Ali,,
35,Scott,Hughes,,
36,Laura,Roberson,,
37,Michael,Roberson,,
38,Amber,Christensen,,
39,Darren,Christensen,,
40,Donna,Allen,,
41,Bobby,Allen,,
42,Brian,Hall,,
43,Diana,Walker,,
44,Madison,Walker,,
45,Holly,Walker,,
46,Jacob,Walker,,
47,Christine,Myers,,
48,Derek,Myers,,
49,Matthew,Zuniga,,
50,Lisa,Hoffman,,
51,Christopher,Hoffman,,
52,Monica,Ortega,,
53,Christopher,Ortega,,
54,James,Conner,,
55,Wanda,Conner,,
56,Mark,Conner,,
57,Kristin,Monroe,,
58,Michael,Monroe,,
59,Sarah,Ramirez,,
60,Daryl,Parsons,,
61,Amanda,Ramirez,,
62,Emily,Nicholson,,
63,Derek,Nicholson,,
64,Christine,Hansen,,
65,Tommy,Hansen,,
66,Sherri,Beasley,,
67,Ernest,Beasley,,
68,Mary,Benitez,,
69,James,Benitez,,
70,Suzanne,Wilkerson,,
71,Jimmy,Dickson,,
72,Danielle,Baker,,
73,Kristina,Fitzgerald,,
74,Deborah,Matthews,,
75,Kevin,Matthews,,
76,Stephanie,Todd,,
77,James,Todd,,
78,Colleen,Poole,,
79,Zachary,Poole,,
80,Katrina,Poole,,
81,Brandon,Poole,,
82,Amber,Poole,,
83,Brian,Poole,,
84,Mark,Rojas,,
85,Rebecca,Stark,,
86,Jay,Stark,,
87,Amy,Blackburn,,
88,James,Blackburn,,
89,Kendra,Ferrell,,
90,Wesley,Miller,,
91,Shannon,Whitehead,,
92,Adam,Whitehead,,
93,Nathan,Morse,,
94,Melanie,Shaw,,
95,Joshua,Shaw,,
96,Derek,Russo,,
97,Margaret,Mccann,,
98,Brian,Mccann,,
99,Jessica,Duran,,
100,Jesse,Duran,,
101,Troy,Spence,,
102,Sherri,Hunter,,
103,Dennis,Hunter,,
104,Kathryn,Delgado,,
105,Christopher,Delgado,,
106,Thomas,Mckee,,
107,Sheila,Schwartz,,
108,Edwin,Schwartz,,
109,Margaret,Branch,,
110,Lisa,Patel,,
111,Christian,Patel,,
112,Phillip,Reeves,,
113,Kimberly,Jimenez,,
114,Paula,Miles,,
115,Joseph,Miles,,
116,April,Miles,,
117,Fred,Miles,,
118,Alicia,Boyle,,
119,Timothy,Boyle,,
120,Ronald,Koch,,
121,Elizabeth,Moran,,
122,Anthony,Moran,,
123,Sherry,Pittman,,
124,Travis,Pittman,,
125,Angelica,Espinoza,,
126,John,Espinoza,,
127,Andrea,Knapp,,
128,Paige,Hall,,
129,Ralph,Hall,,
130,Betty,Guevara,,
131,John,Guevara,,
132,Krista,Hodges,,
133,Derek,Hodges,,
134,Shane,Barrera,,
135,Jenny,Bryant,,
136,Daniel,Bryant,,
137,Kimberly,Solis,,
138,Nicholas,Solis,,
139,Curtis,Solis,,
140,Emily,Watson,,
141,Zachary,Watson,,
142,Marie,Olsen,,
143,Jeffrey,Olsen,,
144,Kelly,Davidson,,
145,Bryan,Davidson,,
146,Courtney,Conrad,,
147,George,Conrad,,
148,Leah,Villa,,
149,David,Villa,,
150,Connie,Villa,,
151,Andrea,Villa,,
152,Mark,Villa,,
153,Taylor,Perez,,
154,Scott,Villa,,
155,Andrea,Wilkinson,,
156,Cynthia,Correa,,
157,Michael,Correa,,
158,Cindy,Bender,,
159,Carlos,Bender,,
160,Taylor,Graves,,
161,Laura,Houston,,
162,John,Houston,,
163,Richard,Dunn,,
164,Rhonda,Mcclain,,
165,Connor,Mcclain,,
166,Anne,Bailey,,
167,Jessica,Campbell,,
168,Jeff,Campbell,,
169,Julie,Arroyo,,
170,Nicholas,Arroyo,,
171,Megan,Guerrero,,
172,William,Guerrero,,
173,Annette,Cuevas,,
174,James,Cuevas,,
175,Gina,Cuevas,,
176,Scott,Cuevas,,
177,Danielle,Schultz,,
178,Cheryl,Brooks,,
179,Jerry,Brooks,,
180,Jennifer,Nava,,
181,Donald,Nava,,
182,Danielle,Lu,,
183,Tammy,Sampson,,
184,Jeremy,Sampson,,
185,Shannon,Sampson,,
186,Joshua,Sampson,,
187,Amber,Sampson,,
188,Zachary,Sampson,,
189,Sara,Russell,,
190,Wayne,Russell,,
191,Timothy,Peralta,,
192,Christopher,Allison,,
193,Karla,Estes,,
194,Daniel,Estes,,
195,Jennifer,Malone,,
196,Anthony,Malone,,
197,William,Gray,,
198,Deborah,Sweeney,,
199,Richard,Sweeney,,
200,Jesse,Donovan,,
201,Jay,Wolfe,,
202,Zachary,Bernard,,
203,Kristi,Dixon,,
204,Nathan,Dixon,,
205,Brittney,Dawson,,
206,Elizabeth,Dawson,,
207,Wayne,Dawson,,
208,Lauren,Hail,,
209,Joshua,Hail,,
210,Nicole,Carroll,,
211,Amy,Arellano,,
212,Kevin,Arellano,,
213,Jonathan,Wong,,
214,Christopher,Farrell,,
215,Tonya,Cherry,,
216,Angela,Ware,,
217,Cody,Ware,,
218,Linda,Bonilla,,
219,Michael,Bonilla,,
220,David,Kelly,,
221,Bryan,Combs,,
222,Stefanie,Fry,,
223,David,Fry,,
224,Linda,Boyd,,
225,Manuel,Boyd,,
226,Jennifer,Boyd,,
227,Kevin,Boyd,,
228,Joseph,Villarreal,,
229,Christina,Donovan,,
230,Michelle,Villarreal,,
231,David,Villarreal,,
232,Jennifer,Solomon,,
233,Michael,Solomon,,
234,Elizabeth,Whitney,,
235,Emily,Whitney,,
236,Paul,Whitney,,
237,Benjamin,Whitney,,
238,Judy,Munoz,,
239,Yvette,Wolf,,
240,Zachary,Wolf,,
241,Benjamin,Erickson,,
242,Christy,Le,,
243,Derek,Le,,
244,Taylor,Barron,,
245,Stanley,Barron,,
246,Sherry,Humphrey,,
247,Jaclyn,Humphrey,,
248,Christopher,Humphrey,,
249,Sandra,Humphrey,,
250,Logan,Warner,,
251,Victoria,Petersen,,
252,Matthew,Petersen,,
253,Aimee,Johnston,,
254,Robert,Johnston,,
255,Elizabeth,Mcdowell,,
256,Matthew,Mcdowell,,
257,Teresa,Ayala,,
258,Chad,Ayala,,
259,Ashley,Bentley,,
260,Brian,Bentley,,
261,Denise,Tran,,
262,Lisa,Berger,,
263,Mitchell,Berger,,
264,Christina,Berger,,
265,Mark,Berger,,
266,Deborah,Berger,,
267,John,Berger,,
268,Susan,Berger,,
269,Ryan,Berger,,
270,Anna,Dorsey,,
271,Jeff,Dorsey,,
272,Destiny,Edwards,,
273,Aaron,Edwards,,
274,Patricia,Edwards,,
275,Mandy,George,,
276,Dennis,George,,
277,Patrick,Randolph,,
278,Kristen,Madden,,
279,Jeffrey,Madden,,
280,Alexandra,Glass,,
281,Benjamin,Glass,,
282,Stephen,Glass,,
283,Stephanie,Glass,,
284,Joshua,Glass,,
285,Sandra,Barnett,,
286,Kevin,Barnett,,
287,Brittany,Liu,,
288,Cameron,Liu,,
289,Eric,Reid,,
290,Stephanie,Ortiz,,
291,Robert,Ortiz,,
292,Shannon,Riley,,
293,Steven,Riley,,
294,Danielle,Clark,,
295,Ashley,Arias,,
296,Richard,Arias,,
297,Stacey,Snow,,
298,Jason,Snow,,
299,Lisa,Campos,,
300,Christopher,Campos,,
301,Tara,Andrews,,
302,Sean,Andrews,,
303,William,Shields,,
304,Rita,Orozco,,
305,Stanley,Orozco,,
306,Allison,Barber,,
307,Norman,Barber,,
308,Timothy,Cook,,
309,Rebekah,Dickerson,,
310,Sean,Dickerson,,
311,Rita,Hubbard,,
312,Derek,Hubbard,,
313,Brian,Cobb,,
314,Shane,Wells,,
315,Shannon,Howell,,
316,Daniel,Howell,,
317,Ruth,Rollins,,
318,Joe,Rollins,,
319,Elizabeth,Rollins,,
320,Robert,Rollins,,
321,Crystal,Rollins,,
322,Alexander,Rollins,,
323,Corey,Rollins,,
324,Erin,Austin,,
325,Sharon,Kline,,
326,Walter,Kline,,
327,Diana,Pollard,,
328,Martin,Pollard,,
329,Jennifer,Pollard,,
330,William,Pollard,,
331,Kimberly,Patrick,,
332,Todd,Patrick,,
333,Ashley,Sims,,
334,Wesley,Sims,,
335,Cassandra,Barajas,,
336,Tonya,Collier,,
337,Deborah,Mcgee,,
338,Brian,Mcgee,,
339,Jessica,Yoder,,
340,Monica,Dennis,,
341,Emily,Dodson,,
342,Larry,Dodson,,
343,Kayla,Mcmahon,,
344,James,Mcmahon,,
345,Laura,Fernandez,,
346,David,Fernandez,,
347,Michelle,Lloyd,,
348,April,Patton,,
349,Timothy,Patton,,
350,Kimberly,Sanders,,
351,Nathan,Sanders,,
352,Natalie,Leach,,
353,Michael,Leach,,
354,Helen,Carter,,
355,Benjamin,Carter,,
356,Mary,Vasquez,,
357,Gary,Vasquez,,
358,Emily,Vasquez,,
359,Sarah,Vasquez,,
360,Nathan,Vasquez,,
361,Elizabeth,Vasquez,,
362,Eric,Olson,,
363,Jason,Olson,,
364,Jennifer,Hodge,,
365,Edward,Hodge,,
366,Bethany,Vo,,
367,Jason,Vo,,
368,Teresa,Nielsen,,
369,Michael,Nielsen,,
370,Steven,Booth,,
371,Luis,Burch,,
372,Elizabeth,Lam,,
373,Joshua,Lam,,
374,April,Lam,,
375,Dustin,Lam,,
376,Jessica,Rogers,,
377,Lauren,Baldwin,,
378,Matthew,Baldwin,,
379,Julie,Chang,,
380,Jeremy,Chang,,
381,Cindy,Chang,,
382,John,Chang,,
383,Stephanie,Chang,,
384,Robert,Chang,,
385,Carolyn,Chang,,
386,Bradley,Chang,,
387,Kaylee,Chang,,
388,Mark,Chang,,
389,Frances,Spears,,
390,Robert,Spears,,
391,Megan,Potter,,
392,Danny,Farmer,,
393,Christina,Stokes,,
394,Alexander,Stokes,,
395,Danielle,Obrien,,
396,John,Obrien,,
397,Sarah,Cochran,,
398,Benjamin,Cochran,,
399,Jennifer,Lopez,,
400,Mark,Lopez,,
401,Cheyenne,Corona,,
402,Michael,Corona,,
403,Kathleen,Vance,,
404,Dana,Alexander,,
405,Abigail,Douglas,,
406,Nicole,Golden,,
407,Randy,Golden,,
408,Ashley,Sheppard,,
409,Jeffery,Sheppard,,
410,Casey,Jacobson,,
411,Tyler,Jacobson,,
412,Kelly,Friedman,,
413,Amber,Mcintyre,,
414,David,Mcintyre,,
415,Ryan,Phelps,,
416,Joyce,Sanford,,
417,Robert,Sanford,,
418,Mary,Travis,,
419,William,Travis,,
420,Tiffany,Larson,,
421,Stephanie,Huber,,
422,Lonnie,Huber,,
423,Michelle,Huber,,
424,Jonathan,Huber,,
425,Sandra,Huber,,
426,Joshua,Huber,,
427,Stephanie,Walton,,
428,Patrick,Walton,,
429,Karen,Mendez,,
430,David,Mendez,,
431,Danielle,Delarosa,,
432,Mark,Delarosa,,
433,Ralph,Brown,,
434,Joseph,Barry,,
435,Lori,Huerta,,
436,Donald,Huerta,,
437,Angela,Crosby,,
438,Dustin,Crosby,,
439,Devon,Crosby,,
440,Emma,Salas,,
441,Joshua,Salas,,
442,Brenda,Salas,,
443,David,Salas,,
444,Melissa,Conway,,
445,Michael,Conway,,
446,Amy,Meyer,,
447,Jason,Meyer,,
448,Joshua,Meyer,,
449,Jennifer,Meyer,,
450,Daniel,Meyer,,
451,Jennifer,Escobar,,
452,Taylor,Escobar,,
453,Lauren,Henderson,,
454,Michael,Henderson,,
455,Shannon,Vincent,,
456,Jamie,Cannon,,
457,Abigail,Juarez,,
458,Guy,Juarez,,
459,Nicole,Juarez,,
460,Scott,Juarez,,
461,Tiffany,Tang,,
462,Jason,Tang,,
463,Nicole,Stout,,
464,Joshua,Stout,,
465,Lindsey,Espinosa,,
466,Daniel,Espinosa,,
467,Colleen,Sierra,,
468,Jeffrey,Sierra,,
469,Alyssa,Hebert,,
470,George,Hebert,,
471,Meghan,Page,,
472,Jared,Page,,
473,Carmen,Sloan,,
474,Julie,Sloan,,
475,Cameron,Sloan,,
476,Marcus,Sloan,,
477,Alyssa,Mason,,
478,James,Mason,,
479,Kristy,Pineda,,
480,Alexander,Pineda,,
481,Maria,Ballard,,
482,Chad,Ballard,,
483,Julia,Smith,,
484,Anthony,Smith,,
485,Jamie,Cameron,,
486,Daniel,Cameron,,
487,Erin,Cameron,,
488,Philip,Cameron,,
489,Jamie,Craig,,
490,Paul,Craig,,
491,Sandra,Glover,,
492,David,Glover,,
493,Angela,Martin,,
494,Alec,Martin,,
495,Kimberly,Frederick,,
496,Zachary,Frederick,,
497,Hannah,Frederick,,
498,Matthew,Frederick,,
499,Rachael,Bush,,
500,Matthew,Bush,,
501,Tiffany,Webster,,
502,Christina,Bush,,
503,Alex,Bush,,
504,Brittany,Bush,,
505,Beth,Navarro,,
506,Michael,Navarro,,
507,Kristy,Burke,,
508,Daniel,Burke,,
509,Melissa,Burke,,
510,Pamela,Reyes,,
511,Christopher,Reyes,,
512,Lisa,Larson,,
513,Paul,Larson,,
514,Ashley,Hanna,,
515,Robert,Hanna,,
516,Traci,Moyer,,
517,Brian,Moyer,,
518,Allison,Mendoza,,
519,Eric,Mendoza,,
520,Megan,English,,
521,Tyler,English,,
522,Jennifer,Parsons,,
523,Miguel,Parsons,,
524,Angela,Peterson,,
525,Michael,Peterson,,
526,Lori,Brock,,
527,Brian,Brock,,
528,Sarah,Barton,,
529,Kyle,Herrera,,
530,Barbara,Tran,,
531,William,Tran,,
532,Richard,Boyer,,
533,Hannah,Clarke,,
534,Jessica,Mckenzie,,
535,Jacob,Mckenzie,,
536,Katie,Hicks,,
537,Gloria,Raymond,,
538,Samuel,Raymond,,
539,Samantha,Pratt,,
540,Brian,Pratt,,
541,Tonya,Singleton,,
542,Mark,Singleton,,
543,Sandra,Manning,,
544,Michael,Manning,,
545,Jessica,Pace,,
546,Nicholas,Pace,,
547,Tracie,Middleton,,
548,Devin,Middleton,,
549,Joshua,Morton,,
550,John,Avalos,,
551,Nicholas,Graham,,
552,Derrick,Sawyer,,
553,Samuel,Santos,,
554,Sandra,Oneal,,
555,Brandon,Oneal,,
556,David,Keith,,
557,Julie,Molina,,
558,Leonard,Molina,,
559,Jamie,Pennington,,
560,Alyssa,Melton,,
561,Samuel,Melton,,
562,Catherine,Compton,,
563,Daniel,Compton,,
564,Rebecca,Palacios,,
565,Gerald,Palacios,,
566,Shirley,Adkins,,
567,Meredith,Velazquez,,
568,Donald,Velazquez,,
569,Adam,Mullins,,
570,Tiffany,Moreno,,
571,Bradley,Moreno,,
572,Michelle,Dominguez,,
573,John,Carpenter,,
574,Olivia,Carpenter,,
575,Michael,Carpenter,,
576,Maria,Carpenter,,
577,Rebecca,Noble,,
578,Brandon,Noble,,
579,Connie,Jennings,,
580,Michael,Jennings,,
581,Elizabeth,Perez,,
582,Lauren,Melendez,,
583,John,Melendez,,
584,Kiara,Morton,,
585,Jeffery,Morton,,
586,Nichole,Morton,,
587,Gary,Morton,,
588,Michele,Chapman,,
589,Devin,Chapman,,
590,Barbara,King,,
591,Cheryl,Preston,,
592,Bryan,Preston,,
593,Kimberly,Schmitt,,
594,Pamela,Davis,,
595,Cody,Davis,,
596,Daniel,Reed,,
597,Kari,Rosario,,
598,Nathaniel,Rosario,,
599,William,Tapia,,
600,Kelly,Stewart,,
601,Diane,Everett,,
602,Brian,Everett,,
603,Cheyenne,Cooper,,
604,Darren,Cooper,,
605,Cassie,Crane,,
606,Adrian,Crane,,
607,Kimberly,Gregory,,
608,Donald,Gregory,,
609,Valerie,Mosley,,
610,Juan,Mosley,,
611,Melissa,Mcbride,,
612,Cameron,Mcbride,,
613,Sheena,Valdez,,
614,John,Valdez,,
615,Shelley,Lucas,,
616,Kenneth,Lucas,,
617,Julie,Lucas,,
618,Jeremiah,Lucas,,
619,Cathy,Grimes,,
620,Anthony,Grimes,,
621,Teresa,Knox,,
622,John,Ray,,
623,Samantha,Mccullough,,
624,James,Mccullough,,
625,Angela,Murray,,
626,Anthony,Soto,,
627,Brittany,Bryan,,
628,Kristine,Summers,,
629,Elizabeth,Summers,,
630,Xavier,Summers,,
631,Bryan,Summers,,
632,Lisa,Duran,,
633,Rachel,Wise,,
634,Darius,Wise,,
635,Kelly,Wise,,
636,Jerry,Wise,,
637,Jeremy,Wise,,
638,Shannon,Maldonado,,
639,William,Maldonado,,
640,Eric,Wiley,,
641,Lisa,Oliver,,
642,Natalie,Oconnor,,
643,Travis,Oconnor,,
644,Christine,Oconnor,,
645,Daniel,Oconnor,,
646,Mary,Payne,,
647,Christopher,Payne,,
648,Christopher,Long,,
649,Angela,Brandt,,
650,Aaron,Brandt,,
651,Joanna,Huffman,,
652,Kirk,Huffman,,
653,Doris,Garner,,
654,David,Garner,,
655,Michelle,Leon,,
656,Michael,Leon,,
657,Jordan,Cantrell,,
658,Michael,Cantrell,,
659,Tammy,Calderon,,
660,Richard,Calderon,,
661,Lori,Gallagher,,
662,Matthew,Gallagher,,
663,Taylor,Gallagher,,
664,Jeffery,Gallagher,,
665,Kimberly,Parker,,
666,Matthew,Parker,,
667,Susan,Savage,,
668,Ronald,Savage,,
669,Andrea,Cisneros,,
670,Christopher,Cisneros,,
671,Elizabeth,Atkins,,
672,Paul,Atkins,,
673,Laura,Atkins,,
674,Dylan,Atkins,,
675,Melissa,Martinez,,
676,Melissa,Atkins,,
677,Terri,Powell,,
678,Jonathan,Powell,,
679,Katherine,Morales,,
680,Bobby,Morales,,
681,Amanda,Francis,,
682,Jessica,Watts,,
683,Frank,Watts,,
684,Danielle,Fisher,,
685,Brandon,Fisher,,
686,Russell,Hayden,,
687,Laura,Carr,,
688,Trevor,Carr,,
689,Yvonne,Carr,,
690,Michael,Carr,,
691,Debra,Esquivel,,
692,Andrew,Esquivel,,
693,Nicole,Tanner,,
694,John,Tanner,,
695,Marisa,Esparza,,
696,Thomas,Esparza,,
697,Catherine,Church,,
698,Kevin,Church,,
699,Madison,Woods,,
700,John,Woods,,
701,Anna,Weeks,,
702,Gregory,Weeks,,
703,Felicia,Ferguson,,
704,Michael,Ferguson,,
705,Shannon,Beard,,
706,Gary,Beard,,
707,Melissa,Beard,,
708,Dwayne,Beard,,
709,Theresa,S,,
710,Robert,S,,
711,Krista,Lawson,,
712,Jordan,Lawson,,
713,Emily,Cox,,
714,Frank,Cox,,
715,Tracy,Goodwin,,
716,Jared,Goodwin,,
717,Kayla,Hess,,
718,Virginia,Rich,,
719,Matthew,Rich,,
720,Kimberly,Rich,,
721,Jennifer,Rich,,
722,Cody,Rich,,
723,Isaiah,Rich,,
724,Nicole,Phillips,,
725,Lori,Hensley,,
726,Peter,Hensley,,
727,Christina,Burnett,,
728,Joshua,Burnett,,
729,Timothy,Thomas,,
730,Jessica,Thomas,,
731,Michael,Thomas,,
732,William,Martinez,,
733,Lisa,Novak,,
734,David,Novak,,
735,Brooke,Wheeler,,
736,Juan,Wheeler,,
737,Kristen,Holmes,,
738,Brandon,Holmes,,
739,Wendy,Hutchinson,,
740,Thomas,Hutchinson,,
741,Julia,Ashley,,
742,Bruce,Ashley,,
743,Jonathan,Collier,,
744,Michelle,Camacho,,
745,Jordan,Camacho,,
746,Denise,Alvarado,,
747,Ruben,Alvarado,,
748,Veronica,Harding,,
749,David,Harding,,
750,Kristen,Walter,,
751,James,Walter,,
752,Tammy,Hunt,,
753,Jordan,Hunt,,
754,Shawn,Hunt,,
755,Sharon,Hunt,,
756,Donald,Hunt,,
757,Rachel,Hunt,,
758,Jason,Hunt,,
759,Taylor,Magana,,
760,Jordan,Magana,,
761,Samantha,Magana,,
762,Douglas,Magana,,
763,Elizabeth,Williams,,
764,Laurie,Higgins,,
765,Zachary,Higgins,,
766,Brittany,Burns,,
767,Kimberly,Strong,,
768,Gregory,Strong,,
769,Kristen,Cannon,,
770,Kimberly,Padilla,,
771,Jesse,Padilla,,
772,Erica,Marks,,
773,Colin,Marks,,
774,Melissa,Wilkins,,
775,Kenneth,Wilkins,,
776,Cynthia,Frank,,
777,Reginald,Frank,,
778,Patrick,Williams,,
779,Michele,Porter,,
780,Robert,Porter,,
781,Jasmin,Oneill,,
782,Mary,May,,
783,Samantha,Perkins,,
784,William,Perkins,,
785,Kathleen,Perkins,,
786,Andrew,Perkins,,
787,Kathryn,Orr,,
788,Kevin,Orr,,
789,Shelly,Kane,,
790,Jessica,Morrow,,
791,Joseph,Morrow,,
792,Joyce,Santana,,
793,Nathan,Santana,,
794,Mary,Ortiz,,
795,Brittany,Ponce,,
796,John,Ponce,,
797,Tracy,Hopkins,,
798,George,Hopkins,,
799,Melissa,Collins,,
800,Matthew,Collins,,
801,Sarah,Roach,,
802,Samuel,Roach,,
803,Shannon,Giles,,
804,James,Giles,,
805,Emily,Schroeder,,
806,Nathan,Schroeder,,
807,Peter,Gibbs,,
808,Shelia,Pugh,,
809,Amanda,Hull,,
810,Barry,Hull,,
811,Lynn,Cano,,
812,Thomas,Cano,,
813,Yolanda,Mcguire,,
814,Paul,Mcguire,,
815,Brett,Hamilton,,
816,Madeline,Chavez,,
817,Shane,Chavez,,
818,Jill,Soto,,
819,Michael,Soto,,
820,Stephanie,Lester,,
821,Amber,Massey,,
822,Robert,Massey,,
823,Elaine,Massey,,
824,James,Massey,,
825,Brianna,S,,
826,Joseph,S,,
827,Keith,Greene,,
828,Rebecca,Griffith,,
829,Christopher,Griffith,,
830,Angela,Wallace,,
831,Seth,Wallace,,
832,Lisa,Valenzuela,,
833,David,Valenzuela,,
834,Susan,Mahoney,,
835,Charles,Mahoney,,
836,Julia,Mahoney,,
837,David,Mahoney,,
838,Dawn,Carson,,
839,Adam,Carson,,
840,Regina,Copeland,,
841,Steven,Copeland,,
842,Christopher,Byrd,,
843,Jessica,Copeland,,
844,Gregory,Copeland,,
845,Kevin,Green,,
846,Margaret,Wood,,
847,Jeff,Wood,,
848,Danielle,Stanton,,
849,Ryan,Stanton,,
850,Christina,Michael,,
851,James,Michael,,
852,John,Rangel,,
853,Cynthia,Hogan,,
854,Kenneth,Hogan,,
855,Laura,Hogan,,
856,Willie,Hogan,,
857,Elizabeth,Mcconnell,,
858,William,Mcconnell,,
859,Mary,Gilbert,,
860,Donald,Gilbert,,
861,Kylie,Elliott,,
862,Michael,Elliott,,
863,Natasha,Abbott,,
864,Anthony,Abbott,,
865,Larry,Harper,,
866,Kathleen,Harper,,
867,Tanner,Harper,,
868,Donna,Harper,,
869,Robert,Harper,,
870,Lisa,Harper,,
871,Heather,Mcmillan,,
872,Mallory,Small,,
873,Marc,Small,,
874,Megan,Stevens,,
875,Nathan,Stevens,,
876,Mary,Pearson,,
877,Ryan,Pearson,,
878,Lori,Sherman,,
879,Steven,Sherman,,
880,Maria,Hester,,
881,Eric,Hester,,
882,Jessica,Howard,,
883,Kevin,Howard,,
884,Nicholas,Martinez,,
885,Ann,Hahn,,
886,Edward,Hahn,,
887,Christopher,Burgess,,
888,Bonnie,Lozano,,
889,Wesley,Ryan,,
890,Kiara,Perry,,
891,Thomas,Perry,,
892,Sandra,Ramos,,
893,David,Ramos,,
894,Samantha,Cain,,
895,Karen,Stafford,,
896,Robert,Stafford,,
897,Nicole,Moody,,
898,George,Moody,,
899,Ashley,Moody,,
900,Victor,Moody,,
901,Brenda,Huff,,
902,Vincent,Huff,,
903,Misty,Dalton,,
904,William,Villegas,,
905,Tracy,Holt,,
906,Robert,Holt,,
907,Holly,Holt,,
908,Richard,Holt,,
