teacher_id,first_name,last_name
1,Danielle,Johnson
2,Jill,Rhodes
3,Robert,Johnson
4,Anthony,Gonzalez
5,Jeffrey,Lawrence
6,Linda,Wolfe
7,Susan,Rogers
8,Melanie,Munoz
9,Amanda,Dudley
10,Maria,Montgomery
11,Janet,Williams
12,Christopher,Hall
13,Cynthia,Diaz
14,Joseph,Zuniga
15,George,Daniel
16,Veronica,Bowman
17,Megan,Parsons
18,Leslie,Adams
19,Nancy,Edwards
20,Robin,Ellis
21,Anna,Baker
22,Reginald,Robinson
23,Christopher,Williams
24,Laura,Henderson
25,Wendy,Rice
26,Alexander,Le
27,Joseph,Davidson
28,Shawn,Mckay
29,Vincent,White
30,Kenneth,Fowler
31,Kathryn,Ryan
32,Aaron,Nguyen
33,Natasha,Decker
34,Natalie,Arroyo
35,Chad,Hodges
36,Thomas,Pierce
37,Rodney,Lewis
38,James,Collins
39,Samuel,Holmes
40,Matthew,Chapman
41,Chad,Welch
42,Michele,Jones
43,Jason,Anderson
44,Thomas,Mueller
45,Collin,Jordan
46,Jessica,Nunez
47,Richard,Morgan
48,Casey,Brown
49,Avery,Garcia
50,Riley,Lee
51,Taylor,Davis
52,Alex,Clark
53,Alex,Lee
54,Morgan,Smith
55,Morgan,Davis
56,Casey,Clark
57,Riley,Martinez
58,Jordan,Davis
59,Jordan,Clark
60,Avery,Martinez
61,Devin,Lopez
